--
-- PostgreSQL database dump
--

-- Dumped from database version 10.6 (Ubuntu 10.6-0ubuntu0.18.04.1)
-- Dumped by pg_dump version 10.5

-- Started on 2018-12-18 17:10:02

SET statement_timeout = 0;
SET lock_timeout = 0;
SET idle_in_transaction_session_timeout = 0;
SET client_encoding = 'UTF8';
SET standard_conforming_strings = on;
SELECT pg_catalog.set_config('search_path', '', false);
SET check_function_bodies = false;
SET client_min_messages = warning;
SET row_security = off;

--
-- TOC entry 2956 (class 1262 OID 16385)
-- Name: MarinaBateauDB; Type: DATABASE; Schema: -; Owner: postgres
--

CREATE DATABASE "MarinaBateauDB" WITH TEMPLATE = template0 ENCODING = 'UTF8' LC_COLLATE = 'fr_FR.UTF-8' LC_CTYPE = 'fr_FR.UTF-8';


ALTER DATABASE "MarinaBateauDB" OWNER TO postgres;

\connect "MarinaBateauDB"

SET statement_timeout = 0;
SET lock_timeout = 0;
SET idle_in_transaction_session_timeout = 0;
SET client_encoding = 'UTF8';
SET standard_conforming_strings = on;
SELECT pg_catalog.set_config('search_path', '', false);
SET check_function_bodies = false;
SET client_min_messages = warning;
SET row_security = off;

--
-- TOC entry 1 (class 3079 OID 13007)
-- Name: plpgsql; Type: EXTENSION; Schema: -; Owner: 
--

CREATE EXTENSION IF NOT EXISTS plpgsql WITH SCHEMA pg_catalog;


--
-- TOC entry 2958 (class 0 OID 0)
-- Dependencies: 1
-- Name: EXTENSION plpgsql; Type: COMMENT; Schema: -; Owner: 
--

COMMENT ON EXTENSION plpgsql IS 'PL/pgSQL procedural language';


--
-- TOC entry 207 (class 1255 OID 16817)
-- Name: generer_facture(); Type: FUNCTION; Schema: public; Owner: webmestre
--

CREATE FUNCTION public.generer_facture() RETURNS trigger
    LANGUAGE plpgsql
    AS $$
DECLARE
	id_facture integer;
BEGIN
	INSERT INTO facture(date_creation) VALUES(now()) RETURNING facture.id INTO id_facture;
	INSERT INTO "factureReservation"("idReservation", "idFacture") VALUES (NEW.id, id_facture);
	RETURN NULL;
END
$$;


ALTER FUNCTION public.generer_facture() OWNER TO webmestre;

SET default_tablespace = '';

SET default_with_oids = false;

--
-- TOC entry 197 (class 1259 OID 16498)
-- Name: bateau; Type: TABLE; Schema: public; Owner: webmestre
--

CREATE TABLE public.bateau (
    id integer NOT NULL,
    nom character varying(50) NOT NULL,
    longueur real NOT NULL,
    largeur real NOT NULL,
    type_bateau text,
    id_client integer
);


ALTER TABLE public.bateau OWNER TO webmestre;

--
-- TOC entry 196 (class 1259 OID 16496)
-- Name: bateau_id_seq; Type: SEQUENCE; Schema: public; Owner: webmestre
--

CREATE SEQUENCE public.bateau_id_seq
    AS integer
    START WITH 1
    INCREMENT BY 1
    NO MINVALUE
    NO MAXVALUE
    CACHE 1;


ALTER TABLE public.bateau_id_seq OWNER TO webmestre;

--
-- TOC entry 2960 (class 0 OID 0)
-- Dependencies: 196
-- Name: bateau_id_seq; Type: SEQUENCE OWNED BY; Schema: public; Owner: webmestre
--

ALTER SEQUENCE public.bateau_id_seq OWNED BY public.bateau.id;


--
-- TOC entry 199 (class 1259 OID 16506)
-- Name: client; Type: TABLE; Schema: public; Owner: webmestre
--

CREATE TABLE public.client (
    id integer NOT NULL,
    nom character varying(50) NOT NULL,
    prenom character varying(50) NOT NULL,
    mail text NOT NULL,
    numero integer,
    mot_de_passe text,
    bool_gerant boolean
);


ALTER TABLE public.client OWNER TO webmestre;

--
-- TOC entry 198 (class 1259 OID 16504)
-- Name: client_id_seq; Type: SEQUENCE; Schema: public; Owner: webmestre
--

CREATE SEQUENCE public.client_id_seq
    AS integer
    START WITH 1
    INCREMENT BY 1
    NO MINVALUE
    NO MAXVALUE
    CACHE 1;


ALTER TABLE public.client_id_seq OWNER TO webmestre;

--
-- TOC entry 2961 (class 0 OID 0)
-- Dependencies: 198
-- Name: client_id_seq; Type: SEQUENCE OWNED BY; Schema: public; Owner: webmestre
--

ALTER SEQUENCE public.client_id_seq OWNED BY public.client.id;


--
-- TOC entry 201 (class 1259 OID 16530)
-- Name: emplacement; Type: TABLE; Schema: public; Owner: webmestre
--

CREATE TABLE public.emplacement (
    id integer NOT NULL,
    longueur double precision,
    largeur double precision,
    label text,
    latitude double precision,
    longitude double precision
);


ALTER TABLE public.emplacement OWNER TO webmestre;

--
-- TOC entry 200 (class 1259 OID 16528)
-- Name: emplacement_id_seq; Type: SEQUENCE; Schema: public; Owner: webmestre
--

CREATE SEQUENCE public.emplacement_id_seq
    AS integer
    START WITH 1
    INCREMENT BY 1
    NO MINVALUE
    NO MAXVALUE
    CACHE 1;


ALTER TABLE public.emplacement_id_seq OWNER TO webmestre;

--
-- TOC entry 2962 (class 0 OID 0)
-- Dependencies: 200
-- Name: emplacement_id_seq; Type: SEQUENCE OWNED BY; Schema: public; Owner: webmestre
--

ALTER SEQUENCE public.emplacement_id_seq OWNED BY public.emplacement.id;


--
-- TOC entry 205 (class 1259 OID 16771)
-- Name: facture; Type: TABLE; Schema: public; Owner: webmestre
--

CREATE TABLE public.facture (
    id bigint NOT NULL,
    prix_emplacement_par_pied_carre double precision DEFAULT 1.83,
    prix_electricite_par_pied_carre double precision DEFAULT 0.71,
    date_creation timestamp without time zone DEFAULT now()
);


ALTER TABLE public.facture OWNER TO webmestre;

--
-- TOC entry 206 (class 1259 OID 16777)
-- Name: factureReservation; Type: TABLE; Schema: public; Owner: webmestre
--

CREATE TABLE public."factureReservation" (
    "idReservation" bigint NOT NULL,
    "idFacture" bigint NOT NULL
);


ALTER TABLE public."factureReservation" OWNER TO webmestre;

--
-- TOC entry 204 (class 1259 OID 16769)
-- Name: facture_id_seq; Type: SEQUENCE; Schema: public; Owner: webmestre
--

CREATE SEQUENCE public.facture_id_seq
    START WITH 1
    INCREMENT BY 1
    NO MINVALUE
    NO MAXVALUE
    CACHE 1;


ALTER TABLE public.facture_id_seq OWNER TO webmestre;

--
-- TOC entry 2963 (class 0 OID 0)
-- Dependencies: 204
-- Name: facture_id_seq; Type: SEQUENCE OWNED BY; Schema: public; Owner: webmestre
--

ALTER SEQUENCE public.facture_id_seq OWNED BY public.facture.id;


--
-- TOC entry 203 (class 1259 OID 16538)
-- Name: reservation; Type: TABLE; Schema: public; Owner: webmestre
--

CREATE TABLE public.reservation (
    id integer NOT NULL,
    datedebut date NOT NULL,
    datefin date NOT NULL,
    id_client integer,
    id_emplacement integer,
    id_bateau integer,
    electricite integer DEFAULT 0,
    essence integer DEFAULT 0,
    vidange integer DEFAULT 0
);


ALTER TABLE public.reservation OWNER TO webmestre;

--
-- TOC entry 202 (class 1259 OID 16536)
-- Name: reservation_id_seq; Type: SEQUENCE; Schema: public; Owner: webmestre
--

CREATE SEQUENCE public.reservation_id_seq
    AS integer
    START WITH 1
    INCREMENT BY 1
    NO MINVALUE
    NO MAXVALUE
    CACHE 1;


ALTER TABLE public.reservation_id_seq OWNER TO webmestre;

--
-- TOC entry 2964 (class 0 OID 0)
-- Dependencies: 202
-- Name: reservation_id_seq; Type: SEQUENCE OWNED BY; Schema: public; Owner: webmestre
--

ALTER SEQUENCE public.reservation_id_seq OWNED BY public.reservation.id;


--
-- TOC entry 2784 (class 2604 OID 16501)
-- Name: bateau id; Type: DEFAULT; Schema: public; Owner: webmestre
--

ALTER TABLE ONLY public.bateau ALTER COLUMN id SET DEFAULT nextval('public.bateau_id_seq'::regclass);


--
-- TOC entry 2785 (class 2604 OID 16509)
-- Name: client id; Type: DEFAULT; Schema: public; Owner: webmestre
--

ALTER TABLE ONLY public.client ALTER COLUMN id SET DEFAULT nextval('public.client_id_seq'::regclass);


--
-- TOC entry 2786 (class 2604 OID 16533)
-- Name: emplacement id; Type: DEFAULT; Schema: public; Owner: webmestre
--

ALTER TABLE ONLY public.emplacement ALTER COLUMN id SET DEFAULT nextval('public.emplacement_id_seq'::regclass);


--
-- TOC entry 2791 (class 2604 OID 16774)
-- Name: facture id; Type: DEFAULT; Schema: public; Owner: webmestre
--

ALTER TABLE ONLY public.facture ALTER COLUMN id SET DEFAULT nextval('public.facture_id_seq'::regclass);


--
-- TOC entry 2787 (class 2604 OID 16541)
-- Name: reservation id; Type: DEFAULT; Schema: public; Owner: webmestre
--

ALTER TABLE ONLY public.reservation ALTER COLUMN id SET DEFAULT nextval('public.reservation_id_seq'::regclass);


--
-- TOC entry 2941 (class 0 OID 16498)
-- Dependencies: 197
-- Data for Name: bateau; Type: TABLE DATA; Schema: public; Owner: webmestre
--

INSERT INTO public.bateau (id, nom, longueur, largeur, type_bateau, id_client) VALUES (18, 'l''intépide', 5, 2, 'voilier', 15);
INSERT INTO public.bateau (id, nom, longueur, largeur, type_bateau, id_client) VALUES (19, 'la tempete', 6, 3, 'Yacht', 15);
INSERT INTO public.bateau (id, nom, longueur, largeur, type_bateau, id_client) VALUES (20, 'la sauvage', 3, 1, 'barque', 16);
INSERT INTO public.bateau (id, nom, longueur, largeur, type_bateau, id_client) VALUES (21, 'blabla', 3, 4, 'beau', 17);
INSERT INTO public.bateau (id, nom, longueur, largeur, type_bateau, id_client) VALUES (23, 'le bato', 3, 1, 'zodiac', 16);
INSERT INTO public.bateau (id, nom, longueur, largeur, type_bateau, id_client) VALUES (29, 'az', 1, 2, 'zaz', 18);
INSERT INTO public.bateau (id, nom, longueur, largeur, type_bateau, id_client) VALUES (32, 'batoo', 3, 4, 'joli', 20);
INSERT INTO public.bateau (id, nom, longueur, largeur, type_bateau, id_client) VALUES (33, 'strj', 2, 3, 'zqh''', 21);
INSERT INTO public.bateau (id, nom, longueur, largeur, type_bateau, id_client) VALUES (35, 'Barki', 4, 2, 'barque', 13);
INSERT INTO public.bateau (id, nom, longueur, largeur, type_bateau, id_client) VALUES (36, 'Zodzod', 4, 2, 'zodiac', 13);
INSERT INTO public.bateau (id, nom, longueur, largeur, type_bateau, id_client) VALUES (37, 'pac''Beau', 50, 20, 'paqubot', 13);
INSERT INTO public.bateau (id, nom, longueur, largeur, type_bateau, id_client) VALUES (39, 'BATOX', 11, 14, 'gros', 13);
INSERT INTO public.bateau (id, nom, longueur, largeur, type_bateau, id_client) VALUES (40, 'fameux troix mats', 20, 20, 'grand', 21);
INSERT INTO public.bateau (id, nom, longueur, largeur, type_bateau, id_client) VALUES (41, 'porc', 25, 25, 'gros', 13);
INSERT INTO public.bateau (id, nom, longueur, largeur, type_bateau, id_client) VALUES (44, 'barque', 3, 2, 'barque', 26);
INSERT INTO public.bateau (id, nom, longueur, largeur, type_bateau, id_client) VALUES (45, 'la barque', 5, 2, 'barque', 27);
INSERT INTO public.bateau (id, nom, longueur, largeur, type_bateau, id_client) VALUES (46, 'bato', 12, 14, 'batal', 27);


--
-- TOC entry 2943 (class 0 OID 16506)
-- Dependencies: 199
-- Data for Name: client; Type: TABLE DATA; Schema: public; Owner: webmestre
--

INSERT INTO public.client (id, nom, prenom, mail, numero, mot_de_passe, bool_gerant) VALUES (13, 'Rolphe', 'Berger', 'user@user.com', 123456789, 'ee11cbb19052e40b07aac0ca060c23ee', false);
INSERT INTO public.client (id, nom, prenom, mail, numero, mot_de_passe, bool_gerant) VALUES (26, 'Herkens', 'Antoine', 'aherkens@gmail.com', 123456789, '0f7ba434c4c1d1516c036ceddc97579d', false);
INSERT INTO public.client (id, nom, prenom, mail, numero, mot_de_passe, bool_gerant) VALUES (27, 'FLIEDNER', 'Florent', 'florent.fli@gmail.com', 1234678, 'b6edd10559b20cb0a3ddaeb15e5267cc', false);
INSERT INTO public.client (id, nom, prenom, mail, numero, mot_de_passe, bool_gerant) VALUES (14, 'Hugo', 'Blanchard', 'admin@admin.com', 123456, '21232f297a57a5a743894a0e4a801fc3', true);
INSERT INTO public.client (id, nom, prenom, mail, numero, mot_de_passe, bool_gerant) VALUES (15, 'Crud', 'Jerome', 'client2@gmail.com', 12345, '0a5b3913cbc9a9092311630e869b4442', false);
INSERT INTO public.client (id, nom, prenom, mail, numero, mot_de_passe, bool_gerant) VALUES (16, 'Cernet', 'Sophie', 'client1@gmail.com', 123, '0a5b3913cbc9a9092311630e869b4442', false);
INSERT INTO public.client (id, nom, prenom, mail, numero, mot_de_passe, bool_gerant) VALUES (17, 'kjehrfjhgjhg', 'erg', 'aze@gmail.com', 123456789, 'cc8c0a97c2dfcd73caff160b65aa39e2', false);
INSERT INTO public.client (id, nom, prenom, mail, numero, mot_de_passe, bool_gerant) VALUES (18, 'azerty', 'qwerty', 'azerty@gmail.com', 9876532, 'ab4f63f9ac65152575886860dde480a1', false);
INSERT INTO public.client (id, nom, prenom, mail, numero, mot_de_passe, bool_gerant) VALUES (19, 'toto', 'toto', 'toto@toto.fr', 668595645, 'f71dbe52628a3f83a77ab494817525c6', false);
INSERT INTO public.client (id, nom, prenom, mail, numero, mot_de_passe, bool_gerant) VALUES (21, 'BLANCHARD', 'Hugo', 'zaturgo@gmail.com', 629073154, 'c4747475f139c198ac4d3719ab619236', false);
INSERT INTO public.client (id, nom, prenom, mail, numero, mot_de_passe, bool_gerant) VALUES (20, 'Herkens', 'Antoinette', 'aherkens@yahoo.fr', 123456789, '900150983cd24fb0d6963f7d28e17f72', false);
INSERT INTO public.client (id, nom, prenom, mail, numero, mot_de_passe, bool_gerant) VALUES (22, 'Florent', 'Flo', 'a@a.c', 123456789, 'b2ff8e48c14343ca3f51fce08f4d0d12', false);
INSERT INTO public.client (id, nom, prenom, mail, numero, mot_de_passe, bool_gerant) VALUES (24, 'Herkens', 'Antoine', 'blabla@gmail.com', 123456789, '0e5091a25295e44fea9957638527301f', false);


--
-- TOC entry 2945 (class 0 OID 16530)
-- Dependencies: 201
-- Data for Name: emplacement; Type: TABLE DATA; Schema: public; Owner: webmestre
--

INSERT INTO public.emplacement (id, longueur, largeur, label, latitude, longitude) VALUES (2, 10, 3, '1', 48.8524680000000018, -67.5306080000000009);
INSERT INTO public.emplacement (id, longueur, largeur, label, latitude, longitude) VALUES (1, 10, 4, '2', 48.852491999999998, -67.5304280000000006);
INSERT INTO public.emplacement (id, longueur, largeur, label, latitude, longitude) VALUES (10, 10, 5, '4', 48.8525739999999971, -67.5301240000000007);
INSERT INTO public.emplacement (id, longueur, largeur, label, latitude, longitude) VALUES (5, 10, 3, '3', 48.8525360000000006, -67.530270999999999);
INSERT INTO public.emplacement (id, longueur, largeur, label, latitude, longitude) VALUES (11, 10, 5, '5', 48.8526159999999976, -67.5299339999999972);
INSERT INTO public.emplacement (id, longueur, largeur, label, latitude, longitude) VALUES (12, 10, 9, '6', 48.8526999999999987, -67.5293999999999954);
INSERT INTO public.emplacement (id, longueur, largeur, label, latitude, longitude) VALUES (13, 5, 2, '7', 48.8526999999999987, -67.5293000000000063);
INSERT INTO public.emplacement (id, longueur, largeur, label, latitude, longitude) VALUES (14, 5, 2, '8', 48.8526999999999987, -67.529200000000003);
INSERT INTO public.emplacement (id, longueur, largeur, label, latitude, longitude) VALUES (17, 2, 4, '10', 48.8526999999999987, -67.5290999999999997);
INSERT INTO public.emplacement (id, longueur, largeur, label, latitude, longitude) VALUES (18, 12, 15, '19', 48.8526999999999987, -67.5288000000000039);
INSERT INTO public.emplacement (id, longueur, largeur, label, latitude, longitude) VALUES (19, 2, 4, '18', 48.8526999999999987, -67.5285999999999973);
INSERT INTO public.emplacement (id, longueur, largeur, label, latitude, longitude) VALUES (21, 30, 30, 'gros', 48.8524000000000029, -67.5277999999999992);
INSERT INTO public.emplacement (id, longueur, largeur, label, latitude, longitude) VALUES (22, 10, 6, 'C1', 48.8526999999999987, -67.5284000000000049);
INSERT INTO public.emplacement (id, longueur, largeur, label, latitude, longitude) VALUES (24, 12, 12, 'Z1', 48.8522000000000034, -67.5300000000000011);
INSERT INTO public.emplacement (id, longueur, largeur, label, latitude, longitude) VALUES (25, 13, 6, 'Z2', 48.8526999999999987, -67.5281999999999982);


--
-- TOC entry 2949 (class 0 OID 16771)
-- Dependencies: 205
-- Data for Name: facture; Type: TABLE DATA; Schema: public; Owner: webmestre
--

INSERT INTO public.facture (id, prix_emplacement_par_pied_carre, prix_electricite_par_pied_carre, date_creation) VALUES (1, 1.83000000000000007, 0.709999999999999964, '2018-11-13 20:33:10.692');
INSERT INTO public.facture (id, prix_emplacement_par_pied_carre, prix_electricite_par_pied_carre, date_creation) VALUES (9, 1.83000000000000007, 0.709999999999999964, '2018-11-19 18:09:33.145034');
INSERT INTO public.facture (id, prix_emplacement_par_pied_carre, prix_electricite_par_pied_carre, date_creation) VALUES (10, 1.83000000000000007, 0.709999999999999964, '2018-11-20 14:52:23.41958');
INSERT INTO public.facture (id, prix_emplacement_par_pied_carre, prix_electricite_par_pied_carre, date_creation) VALUES (11, 1.83000000000000007, 0.709999999999999964, '2018-11-20 14:55:46.758817');
INSERT INTO public.facture (id, prix_emplacement_par_pied_carre, prix_electricite_par_pied_carre, date_creation) VALUES (12, 1.83000000000000007, 0.709999999999999964, '2018-11-20 16:28:31.894732');
INSERT INTO public.facture (id, prix_emplacement_par_pied_carre, prix_electricite_par_pied_carre, date_creation) VALUES (13, 1.83000000000000007, 0.709999999999999964, '2018-11-20 16:30:54.559055');
INSERT INTO public.facture (id, prix_emplacement_par_pied_carre, prix_electricite_par_pied_carre, date_creation) VALUES (14, 1.83000000000000007, 0.709999999999999964, '2018-11-20 16:40:14.840949');
INSERT INTO public.facture (id, prix_emplacement_par_pied_carre, prix_electricite_par_pied_carre, date_creation) VALUES (15, 1.83000000000000007, 0.709999999999999964, '2018-11-20 16:42:52.96545');
INSERT INTO public.facture (id, prix_emplacement_par_pied_carre, prix_electricite_par_pied_carre, date_creation) VALUES (16, 1.83000000000000007, 0.709999999999999964, '2018-11-20 16:48:04.938341');
INSERT INTO public.facture (id, prix_emplacement_par_pied_carre, prix_electricite_par_pied_carre, date_creation) VALUES (17, 1.83000000000000007, 0.709999999999999964, '2018-11-20 16:49:25.633802');
INSERT INTO public.facture (id, prix_emplacement_par_pied_carre, prix_electricite_par_pied_carre, date_creation) VALUES (18, 1.83000000000000007, 0.709999999999999964, '2018-11-20 16:51:05.855432');
INSERT INTO public.facture (id, prix_emplacement_par_pied_carre, prix_electricite_par_pied_carre, date_creation) VALUES (19, 1.83000000000000007, 0.709999999999999964, '2018-11-20 16:57:26.447574');
INSERT INTO public.facture (id, prix_emplacement_par_pied_carre, prix_electricite_par_pied_carre, date_creation) VALUES (20, 1.83000000000000007, 0.709999999999999964, '2018-11-20 16:59:08.417786');
INSERT INTO public.facture (id, prix_emplacement_par_pied_carre, prix_electricite_par_pied_carre, date_creation) VALUES (21, 1.83000000000000007, 0.709999999999999964, '2018-11-20 17:06:18.962383');
INSERT INTO public.facture (id, prix_emplacement_par_pied_carre, prix_electricite_par_pied_carre, date_creation) VALUES (22, 1.83000000000000007, 0.709999999999999964, '2018-11-20 17:08:08.29817');
INSERT INTO public.facture (id, prix_emplacement_par_pied_carre, prix_electricite_par_pied_carre, date_creation) VALUES (23, 1.83000000000000007, 0.709999999999999964, '2018-11-20 17:24:32.650047');
INSERT INTO public.facture (id, prix_emplacement_par_pied_carre, prix_electricite_par_pied_carre, date_creation) VALUES (24, 1.83000000000000007, 0.709999999999999964, '2018-11-20 17:33:53.430432');
INSERT INTO public.facture (id, prix_emplacement_par_pied_carre, prix_electricite_par_pied_carre, date_creation) VALUES (25, 1.83000000000000007, 0.709999999999999964, '2018-11-20 17:36:11.62292');
INSERT INTO public.facture (id, prix_emplacement_par_pied_carre, prix_electricite_par_pied_carre, date_creation) VALUES (26, 1.83000000000000007, 0.709999999999999964, '2018-11-20 17:47:10.785039');
INSERT INTO public.facture (id, prix_emplacement_par_pied_carre, prix_electricite_par_pied_carre, date_creation) VALUES (27, 1.83000000000000007, 0.709999999999999964, '2018-11-20 17:50:01.495535');
INSERT INTO public.facture (id, prix_emplacement_par_pied_carre, prix_electricite_par_pied_carre, date_creation) VALUES (28, 1.83000000000000007, 0.709999999999999964, '2018-11-20 17:53:53.580033');
INSERT INTO public.facture (id, prix_emplacement_par_pied_carre, prix_electricite_par_pied_carre, date_creation) VALUES (29, 1.83000000000000007, 0.709999999999999964, '2018-11-20 22:21:52.559262');
INSERT INTO public.facture (id, prix_emplacement_par_pied_carre, prix_electricite_par_pied_carre, date_creation) VALUES (30, 1.83000000000000007, 0.709999999999999964, '2018-11-20 22:25:23.713481');
INSERT INTO public.facture (id, prix_emplacement_par_pied_carre, prix_electricite_par_pied_carre, date_creation) VALUES (31, 1.83000000000000007, 0.709999999999999964, '2018-11-20 22:27:28.706997');
INSERT INTO public.facture (id, prix_emplacement_par_pied_carre, prix_electricite_par_pied_carre, date_creation) VALUES (32, 1.83000000000000007, 0.709999999999999964, '2018-11-20 22:33:33.515673');
INSERT INTO public.facture (id, prix_emplacement_par_pied_carre, prix_electricite_par_pied_carre, date_creation) VALUES (33, 1.83000000000000007, 0.709999999999999964, '2018-11-21 11:15:29.196452');
INSERT INTO public.facture (id, prix_emplacement_par_pied_carre, prix_electricite_par_pied_carre, date_creation) VALUES (34, 1.83000000000000007, 0.709999999999999964, '2018-11-21 11:18:05.089262');
INSERT INTO public.facture (id, prix_emplacement_par_pied_carre, prix_electricite_par_pied_carre, date_creation) VALUES (35, 1.83000000000000007, 0.709999999999999964, '2018-11-21 11:21:53.921047');
INSERT INTO public.facture (id, prix_emplacement_par_pied_carre, prix_electricite_par_pied_carre, date_creation) VALUES (36, 1.83000000000000007, 0.709999999999999964, '2018-11-21 11:23:43.39948');
INSERT INTO public.facture (id, prix_emplacement_par_pied_carre, prix_electricite_par_pied_carre, date_creation) VALUES (37, 1.83000000000000007, 0.709999999999999964, '2018-11-30 12:52:24.85814');
INSERT INTO public.facture (id, prix_emplacement_par_pied_carre, prix_electricite_par_pied_carre, date_creation) VALUES (38, 1.83000000000000007, 0.709999999999999964, '2018-11-30 12:55:18.890696');
INSERT INTO public.facture (id, prix_emplacement_par_pied_carre, prix_electricite_par_pied_carre, date_creation) VALUES (39, 1.83000000000000007, 0.709999999999999964, '2018-11-30 13:17:22.700153');
INSERT INTO public.facture (id, prix_emplacement_par_pied_carre, prix_electricite_par_pied_carre, date_creation) VALUES (40, 1.83000000000000007, 0.709999999999999964, '2018-11-30 13:24:20.656215');
INSERT INTO public.facture (id, prix_emplacement_par_pied_carre, prix_electricite_par_pied_carre, date_creation) VALUES (41, 1.83000000000000007, 0.709999999999999964, '2018-11-30 13:30:52.094568');
INSERT INTO public.facture (id, prix_emplacement_par_pied_carre, prix_electricite_par_pied_carre, date_creation) VALUES (42, 1.83000000000000007, 0.709999999999999964, '2018-11-30 13:32:46.218889');
INSERT INTO public.facture (id, prix_emplacement_par_pied_carre, prix_electricite_par_pied_carre, date_creation) VALUES (43, 1.83000000000000007, 0.709999999999999964, '2018-11-30 13:45:04.873714');
INSERT INTO public.facture (id, prix_emplacement_par_pied_carre, prix_electricite_par_pied_carre, date_creation) VALUES (44, 1.83000000000000007, 0.709999999999999964, '2018-11-30 14:00:08.08893');
INSERT INTO public.facture (id, prix_emplacement_par_pied_carre, prix_electricite_par_pied_carre, date_creation) VALUES (45, 1.83000000000000007, 0.709999999999999964, '2018-11-30 14:01:03.524782');
INSERT INTO public.facture (id, prix_emplacement_par_pied_carre, prix_electricite_par_pied_carre, date_creation) VALUES (46, 1.83000000000000007, 0.709999999999999964, '2018-11-30 14:03:10.289141');
INSERT INTO public.facture (id, prix_emplacement_par_pied_carre, prix_electricite_par_pied_carre, date_creation) VALUES (47, 1.83000000000000007, 0.709999999999999964, '2018-11-30 14:12:42.180913');
INSERT INTO public.facture (id, prix_emplacement_par_pied_carre, prix_electricite_par_pied_carre, date_creation) VALUES (48, 1.83000000000000007, 0.709999999999999964, '2018-11-30 14:13:06.663426');
INSERT INTO public.facture (id, prix_emplacement_par_pied_carre, prix_electricite_par_pied_carre, date_creation) VALUES (49, 1.83000000000000007, 0.709999999999999964, '2018-11-30 14:16:20.640945');
INSERT INTO public.facture (id, prix_emplacement_par_pied_carre, prix_electricite_par_pied_carre, date_creation) VALUES (50, 1.83000000000000007, 0.709999999999999964, '2018-11-30 14:19:47.812279');
INSERT INTO public.facture (id, prix_emplacement_par_pied_carre, prix_electricite_par_pied_carre, date_creation) VALUES (51, 1.83000000000000007, 0.709999999999999964, '2018-11-30 14:20:14.35359');
INSERT INTO public.facture (id, prix_emplacement_par_pied_carre, prix_electricite_par_pied_carre, date_creation) VALUES (52, 1.83000000000000007, 0.709999999999999964, '2018-11-30 14:22:22.457695');
INSERT INTO public.facture (id, prix_emplacement_par_pied_carre, prix_electricite_par_pied_carre, date_creation) VALUES (53, 1.83000000000000007, 0.709999999999999964, '2018-11-30 14:24:44.721001');
INSERT INTO public.facture (id, prix_emplacement_par_pied_carre, prix_electricite_par_pied_carre, date_creation) VALUES (54, 1.83000000000000007, 0.709999999999999964, '2018-11-30 14:26:45.348268');
INSERT INTO public.facture (id, prix_emplacement_par_pied_carre, prix_electricite_par_pied_carre, date_creation) VALUES (55, 1.83000000000000007, 0.709999999999999964, '2018-11-30 14:26:57.609998');
INSERT INTO public.facture (id, prix_emplacement_par_pied_carre, prix_electricite_par_pied_carre, date_creation) VALUES (56, 1.83000000000000007, 0.709999999999999964, '2018-11-30 14:37:05.618428');
INSERT INTO public.facture (id, prix_emplacement_par_pied_carre, prix_electricite_par_pied_carre, date_creation) VALUES (57, 1.83000000000000007, 0.709999999999999964, '2018-11-30 14:41:33.340123');
INSERT INTO public.facture (id, prix_emplacement_par_pied_carre, prix_electricite_par_pied_carre, date_creation) VALUES (58, 1.83000000000000007, 0.709999999999999964, '2018-11-30 14:53:37.521557');
INSERT INTO public.facture (id, prix_emplacement_par_pied_carre, prix_electricite_par_pied_carre, date_creation) VALUES (59, 1.83000000000000007, 0.709999999999999964, '2018-11-30 14:54:16.666602');
INSERT INTO public.facture (id, prix_emplacement_par_pied_carre, prix_electricite_par_pied_carre, date_creation) VALUES (60, 1.83000000000000007, 0.709999999999999964, '2018-11-30 15:01:04.167974');
INSERT INTO public.facture (id, prix_emplacement_par_pied_carre, prix_electricite_par_pied_carre, date_creation) VALUES (61, 1.83000000000000007, 0.709999999999999964, '2018-11-30 15:03:39.7937');
INSERT INTO public.facture (id, prix_emplacement_par_pied_carre, prix_electricite_par_pied_carre, date_creation) VALUES (62, 1.83000000000000007, 0.709999999999999964, '2018-11-30 15:08:27.734749');
INSERT INTO public.facture (id, prix_emplacement_par_pied_carre, prix_electricite_par_pied_carre, date_creation) VALUES (63, 1.83000000000000007, 0.709999999999999964, '2018-11-30 15:40:23.318266');
INSERT INTO public.facture (id, prix_emplacement_par_pied_carre, prix_electricite_par_pied_carre, date_creation) VALUES (64, 1.83000000000000007, 0.709999999999999964, '2018-11-30 15:44:41.045186');
INSERT INTO public.facture (id, prix_emplacement_par_pied_carre, prix_electricite_par_pied_carre, date_creation) VALUES (65, 1.83000000000000007, 0.709999999999999964, '2018-12-04 15:54:06.023421');
INSERT INTO public.facture (id, prix_emplacement_par_pied_carre, prix_electricite_par_pied_carre, date_creation) VALUES (66, 1.83000000000000007, 0.709999999999999964, '2018-12-04 15:56:09.338996');
INSERT INTO public.facture (id, prix_emplacement_par_pied_carre, prix_electricite_par_pied_carre, date_creation) VALUES (67, 1.83000000000000007, 0.709999999999999964, '2018-12-04 16:44:15.600778');


--
-- TOC entry 2950 (class 0 OID 16777)
-- Dependencies: 206
-- Data for Name: factureReservation; Type: TABLE DATA; Schema: public; Owner: webmestre
--

INSERT INTO public."factureReservation" ("idReservation", "idFacture") VALUES (228, 1);
INSERT INTO public."factureReservation" ("idReservation", "idFacture") VALUES (259, 9);
INSERT INTO public."factureReservation" ("idReservation", "idFacture") VALUES (260, 10);
INSERT INTO public."factureReservation" ("idReservation", "idFacture") VALUES (261, 11);
INSERT INTO public."factureReservation" ("idReservation", "idFacture") VALUES (262, 12);
INSERT INTO public."factureReservation" ("idReservation", "idFacture") VALUES (263, 13);
INSERT INTO public."factureReservation" ("idReservation", "idFacture") VALUES (268, 14);
INSERT INTO public."factureReservation" ("idReservation", "idFacture") VALUES (269, 15);
INSERT INTO public."factureReservation" ("idReservation", "idFacture") VALUES (270, 16);
INSERT INTO public."factureReservation" ("idReservation", "idFacture") VALUES (271, 17);
INSERT INTO public."factureReservation" ("idReservation", "idFacture") VALUES (272, 18);
INSERT INTO public."factureReservation" ("idReservation", "idFacture") VALUES (273, 19);
INSERT INTO public."factureReservation" ("idReservation", "idFacture") VALUES (274, 20);
INSERT INTO public."factureReservation" ("idReservation", "idFacture") VALUES (275, 21);
INSERT INTO public."factureReservation" ("idReservation", "idFacture") VALUES (276, 22);
INSERT INTO public."factureReservation" ("idReservation", "idFacture") VALUES (277, 23);
INSERT INTO public."factureReservation" ("idReservation", "idFacture") VALUES (278, 24);
INSERT INTO public."factureReservation" ("idReservation", "idFacture") VALUES (279, 25);
INSERT INTO public."factureReservation" ("idReservation", "idFacture") VALUES (280, 26);
INSERT INTO public."factureReservation" ("idReservation", "idFacture") VALUES (281, 27);
INSERT INTO public."factureReservation" ("idReservation", "idFacture") VALUES (282, 28);
INSERT INTO public."factureReservation" ("idReservation", "idFacture") VALUES (283, 29);
INSERT INTO public."factureReservation" ("idReservation", "idFacture") VALUES (284, 30);
INSERT INTO public."factureReservation" ("idReservation", "idFacture") VALUES (285, 31);
INSERT INTO public."factureReservation" ("idReservation", "idFacture") VALUES (286, 32);
INSERT INTO public."factureReservation" ("idReservation", "idFacture") VALUES (287, 33);
INSERT INTO public."factureReservation" ("idReservation", "idFacture") VALUES (288, 34);
INSERT INTO public."factureReservation" ("idReservation", "idFacture") VALUES (289, 35);
INSERT INTO public."factureReservation" ("idReservation", "idFacture") VALUES (290, 36);
INSERT INTO public."factureReservation" ("idReservation", "idFacture") VALUES (291, 37);
INSERT INTO public."factureReservation" ("idReservation", "idFacture") VALUES (292, 38);
INSERT INTO public."factureReservation" ("idReservation", "idFacture") VALUES (293, 39);
INSERT INTO public."factureReservation" ("idReservation", "idFacture") VALUES (294, 40);
INSERT INTO public."factureReservation" ("idReservation", "idFacture") VALUES (295, 41);
INSERT INTO public."factureReservation" ("idReservation", "idFacture") VALUES (296, 42);
INSERT INTO public."factureReservation" ("idReservation", "idFacture") VALUES (297, 43);
INSERT INTO public."factureReservation" ("idReservation", "idFacture") VALUES (298, 44);
INSERT INTO public."factureReservation" ("idReservation", "idFacture") VALUES (299, 45);
INSERT INTO public."factureReservation" ("idReservation", "idFacture") VALUES (300, 46);
INSERT INTO public."factureReservation" ("idReservation", "idFacture") VALUES (301, 47);
INSERT INTO public."factureReservation" ("idReservation", "idFacture") VALUES (302, 48);
INSERT INTO public."factureReservation" ("idReservation", "idFacture") VALUES (303, 49);
INSERT INTO public."factureReservation" ("idReservation", "idFacture") VALUES (304, 50);
INSERT INTO public."factureReservation" ("idReservation", "idFacture") VALUES (305, 51);
INSERT INTO public."factureReservation" ("idReservation", "idFacture") VALUES (306, 52);
INSERT INTO public."factureReservation" ("idReservation", "idFacture") VALUES (307, 53);
INSERT INTO public."factureReservation" ("idReservation", "idFacture") VALUES (308, 54);
INSERT INTO public."factureReservation" ("idReservation", "idFacture") VALUES (309, 55);
INSERT INTO public."factureReservation" ("idReservation", "idFacture") VALUES (310, 56);
INSERT INTO public."factureReservation" ("idReservation", "idFacture") VALUES (311, 57);
INSERT INTO public."factureReservation" ("idReservation", "idFacture") VALUES (312, 58);
INSERT INTO public."factureReservation" ("idReservation", "idFacture") VALUES (313, 59);
INSERT INTO public."factureReservation" ("idReservation", "idFacture") VALUES (314, 60);
INSERT INTO public."factureReservation" ("idReservation", "idFacture") VALUES (315, 61);
INSERT INTO public."factureReservation" ("idReservation", "idFacture") VALUES (316, 62);
INSERT INTO public."factureReservation" ("idReservation", "idFacture") VALUES (317, 63);
INSERT INTO public."factureReservation" ("idReservation", "idFacture") VALUES (318, 64);
INSERT INTO public."factureReservation" ("idReservation", "idFacture") VALUES (319, 65);
INSERT INTO public."factureReservation" ("idReservation", "idFacture") VALUES (320, 66);
INSERT INTO public."factureReservation" ("idReservation", "idFacture") VALUES (321, 67);


--
-- TOC entry 2947 (class 0 OID 16538)
-- Dependencies: 203
-- Data for Name: reservation; Type: TABLE DATA; Schema: public; Owner: webmestre
--

INSERT INTO public.reservation (id, datedebut, datefin, id_client, id_emplacement, id_bateau, electricite, essence, vidange) VALUES (239, '2018-11-21', '2018-11-30', 21, 2, 33, 0, 0, 1);
INSERT INTO public.reservation (id, datedebut, datefin, id_client, id_emplacement, id_bateau, electricite, essence, vidange) VALUES (240, '2018-11-17', '2018-11-19', 13, 2, 35, 1, 0, 0);
INSERT INTO public.reservation (id, datedebut, datefin, id_client, id_emplacement, id_bateau, electricite, essence, vidange) VALUES (241, '2018-11-17', '2018-11-19', 13, 1, 35, 1, 0, 0);
INSERT INTO public.reservation (id, datedebut, datefin, id_client, id_emplacement, id_bateau, electricite, essence, vidange) VALUES (242, '2018-11-17', '2018-11-19', 21, 10, 33, 1, 0, 0);
INSERT INTO public.reservation (id, datedebut, datefin, id_client, id_emplacement, id_bateau, electricite, essence, vidange) VALUES (243, '2018-11-17', '2018-11-19', 21, 11, 33, 1, 0, 0);
INSERT INTO public.reservation (id, datedebut, datefin, id_client, id_emplacement, id_bateau, electricite, essence, vidange) VALUES (244, '2018-11-17', '2018-11-19', 21, 12, 33, 1, 0, 0);
INSERT INTO public.reservation (id, datedebut, datefin, id_client, id_emplacement, id_bateau, electricite, essence, vidange) VALUES (245, '2018-11-17', '2018-11-19', 21, 17, 33, 1, 0, 0);
INSERT INTO public.reservation (id, datedebut, datefin, id_client, id_emplacement, id_bateau, electricite, essence, vidange) VALUES (246, '2018-11-17', '2018-11-19', 21, 18, 33, 1, 0, 0);
INSERT INTO public.reservation (id, datedebut, datefin, id_client, id_emplacement, id_bateau, electricite, essence, vidange) VALUES (247, '2018-11-17', '2018-11-19', 21, 19, 33, 1, 0, 0);
INSERT INTO public.reservation (id, datedebut, datefin, id_client, id_emplacement, id_bateau, electricite, essence, vidange) VALUES (248, '2018-11-17', '2018-11-19', 21, 22, 33, 1, 0, 0);
INSERT INTO public.reservation (id, datedebut, datefin, id_client, id_emplacement, id_bateau, electricite, essence, vidange) VALUES (249, '2018-11-17', '2018-11-19', 21, 24, 33, 1, 0, 0);
INSERT INTO public.reservation (id, datedebut, datefin, id_client, id_emplacement, id_bateau, electricite, essence, vidange) VALUES (250, '2018-11-18', '2018-11-20', 21, 21, 33, 1, 0, 0);
INSERT INTO public.reservation (id, datedebut, datefin, id_client, id_emplacement, id_bateau, electricite, essence, vidange) VALUES (251, '2018-11-19', '2018-11-21', 21, 2, 33, 1, 0, 0);
INSERT INTO public.reservation (id, datedebut, datefin, id_client, id_emplacement, id_bateau, electricite, essence, vidange) VALUES (252, '2018-11-20', '2018-11-22', 21, 1, 33, 1, 0, 0);
INSERT INTO public.reservation (id, datedebut, datefin, id_client, id_emplacement, id_bateau, electricite, essence, vidange) VALUES (253, '2018-11-20', '2018-11-22', 21, 10, 33, 1, 0, 0);
INSERT INTO public.reservation (id, datedebut, datefin, id_client, id_emplacement, id_bateau, electricite, essence, vidange) VALUES (259, '2018-11-25', '2018-11-26', 13, 21, 35, 0, 0, 0);
INSERT INTO public.reservation (id, datedebut, datefin, id_client, id_emplacement, id_bateau, electricite, essence, vidange) VALUES (260, '2018-11-21', '2018-11-23', 13, 11, 35, 1, 0, 0);
INSERT INTO public.reservation (id, datedebut, datefin, id_client, id_emplacement, id_bateau, electricite, essence, vidange) VALUES (261, '2018-11-21', '2018-11-23', 13, 12, 35, 1, 0, 0);
INSERT INTO public.reservation (id, datedebut, datefin, id_client, id_emplacement, id_bateau, electricite, essence, vidange) VALUES (262, '2018-11-21', '2018-11-23', 13, 13, 35, 1, 0, 0);
INSERT INTO public.reservation (id, datedebut, datefin, id_client, id_emplacement, id_bateau, electricite, essence, vidange) VALUES (263, '2018-11-21', '2018-11-23', 13, 14, 35, 1, 0, 0);
INSERT INTO public.reservation (id, datedebut, datefin, id_client, id_emplacement, id_bateau, electricite, essence, vidange) VALUES (219, '2018-10-28', '2018-10-29', 13, 2, 35, 1, 0, 0);
INSERT INTO public.reservation (id, datedebut, datefin, id_client, id_emplacement, id_bateau, electricite, essence, vidange) VALUES (268, '2018-11-25', '2018-11-26', 14, 25, 21, 0, 0, 0);
INSERT INTO public.reservation (id, datedebut, datefin, id_client, id_emplacement, id_bateau, electricite, essence, vidange) VALUES (269, '2018-11-21', '2018-11-23', 13, 18, 35, 1, 0, 0);
INSERT INTO public.reservation (id, datedebut, datefin, id_client, id_emplacement, id_bateau, electricite, essence, vidange) VALUES (270, '2018-11-21', '2018-11-23', 13, 21, 35, 1, 0, 0);
INSERT INTO public.reservation (id, datedebut, datefin, id_client, id_emplacement, id_bateau, electricite, essence, vidange) VALUES (271, '2018-11-21', '2018-11-23', 13, 22, 35, 1, 0, 0);
INSERT INTO public.reservation (id, datedebut, datefin, id_client, id_emplacement, id_bateau, electricite, essence, vidange) VALUES (272, '2018-11-21', '2018-11-23', 13, 24, 35, 1, 0, 0);
INSERT INTO public.reservation (id, datedebut, datefin, id_client, id_emplacement, id_bateau, electricite, essence, vidange) VALUES (273, '2018-11-22', '2018-11-24', 13, 1, 35, 1, 0, 0);
INSERT INTO public.reservation (id, datedebut, datefin, id_client, id_emplacement, id_bateau, electricite, essence, vidange) VALUES (274, '2018-11-21', '2018-11-23', 21, 17, 33, 1, 0, 0);
INSERT INTO public.reservation (id, datedebut, datefin, id_client, id_emplacement, id_bateau, electricite, essence, vidange) VALUES (275, '2018-11-21', '2018-11-23', 21, 19, 33, 1, 0, 0);
INSERT INTO public.reservation (id, datedebut, datefin, id_client, id_emplacement, id_bateau, electricite, essence, vidange) VALUES (276, '2018-11-23', '2018-11-25', 21, 10, 33, 1, 0, 0);
INSERT INTO public.reservation (id, datedebut, datefin, id_client, id_emplacement, id_bateau, electricite, essence, vidange) VALUES (277, '2018-11-23', '2018-11-25', 21, 11, 33, 1, 0, 0);
INSERT INTO public.reservation (id, datedebut, datefin, id_client, id_emplacement, id_bateau, electricite, essence, vidange) VALUES (278, '2018-11-24', '2018-11-26', 21, 1, 33, 1, 0, 0);
INSERT INTO public.reservation (id, datedebut, datefin, id_client, id_emplacement, id_bateau, electricite, essence, vidange) VALUES (279, '2018-11-24', '2018-11-26', 21, 5, 33, 1, 0, 0);
INSERT INTO public.reservation (id, datedebut, datefin, id_client, id_emplacement, id_bateau, electricite, essence, vidange) VALUES (280, '2018-11-24', '2018-11-26', 21, 12, 33, 1, 0, 0);
INSERT INTO public.reservation (id, datedebut, datefin, id_client, id_emplacement, id_bateau, electricite, essence, vidange) VALUES (196, '2018-10-21', '2018-10-22', 13, 2, 35, 1, 1, 1);
INSERT INTO public.reservation (id, datedebut, datefin, id_client, id_emplacement, id_bateau, electricite, essence, vidange) VALUES (281, '2018-11-24', '2018-11-26', 21, 17, 33, 1, 0, 0);
INSERT INTO public.reservation (id, datedebut, datefin, id_client, id_emplacement, id_bateau, electricite, essence, vidange) VALUES (282, '2018-11-24', '2018-11-26', 21, 18, 33, 1, 0, 0);
INSERT INTO public.reservation (id, datedebut, datefin, id_client, id_emplacement, id_bateau, electricite, essence, vidange) VALUES (283, '2018-11-24', '2018-11-26', 26, 13, 44, 1, 0, 0);
INSERT INTO public.reservation (id, datedebut, datefin, id_client, id_emplacement, id_bateau, electricite, essence, vidange) VALUES (227, '2018-10-30', '2018-11-03', 13, 21, 41, 0, 0, 0);
INSERT INTO public.reservation (id, datedebut, datefin, id_client, id_emplacement, id_bateau, electricite, essence, vidange) VALUES (228, '2018-11-10', '2018-11-18', 13, 21, 41, 0, 1, 1);
INSERT INTO public.reservation (id, datedebut, datefin, id_client, id_emplacement, id_bateau, electricite, essence, vidange) VALUES (153, '2018-10-03', '2018-10-10', 14, 2, NULL, 0, 0, 0);
INSERT INTO public.reservation (id, datedebut, datefin, id_client, id_emplacement, id_bateau, electricite, essence, vidange) VALUES (284, '2018-11-24', '2018-11-26', 26, 14, 44, 1, 0, 0);
INSERT INTO public.reservation (id, datedebut, datefin, id_client, id_emplacement, id_bateau, electricite, essence, vidange) VALUES (285, '2018-11-24', '2018-11-26', 26, 22, 44, 1, 0, 0);
INSERT INTO public.reservation (id, datedebut, datefin, id_client, id_emplacement, id_bateau, electricite, essence, vidange) VALUES (231, '2018-11-09', '2018-11-10', 13, 2, 36, 0, 0, 0);
INSERT INTO public.reservation (id, datedebut, datefin, id_client, id_emplacement, id_bateau, electricite, essence, vidange) VALUES (286, '2018-11-24', '2018-11-26', 26, 24, 44, 1, 0, 0);
INSERT INTO public.reservation (id, datedebut, datefin, id_client, id_emplacement, id_bateau, electricite, essence, vidange) VALUES (287, '2018-11-26', '2018-11-28', 26, 1, 44, 1, 0, 0);
INSERT INTO public.reservation (id, datedebut, datefin, id_client, id_emplacement, id_bateau, electricite, essence, vidange) VALUES (234, '2018-11-13', '2018-11-16', 13, 2, 35, 1, 0, 0);
INSERT INTO public.reservation (id, datedebut, datefin, id_client, id_emplacement, id_bateau, electricite, essence, vidange) VALUES (235, '2018-11-13', '2018-11-16', 13, 1, 35, 1, 0, 0);
INSERT INTO public.reservation (id, datedebut, datefin, id_client, id_emplacement, id_bateau, electricite, essence, vidange) VALUES (237, '2018-11-15', '2018-11-17', 14, 10, NULL, 0, 0, 0);
INSERT INTO public.reservation (id, datedebut, datefin, id_client, id_emplacement, id_bateau, electricite, essence, vidange) VALUES (288, '2018-11-26', '2018-11-28', 26, 10, 44, 1, 0, 0);
INSERT INTO public.reservation (id, datedebut, datefin, id_client, id_emplacement, id_bateau, electricite, essence, vidange) VALUES (289, '2018-11-27', '2018-11-29', 26, 5, 44, 1, 0, 0);
INSERT INTO public.reservation (id, datedebut, datefin, id_client, id_emplacement, id_bateau, electricite, essence, vidange) VALUES (290, '2018-11-27', '2018-11-29', 26, 11, 44, 1, 1, 1);
INSERT INTO public.reservation (id, datedebut, datefin, id_client, id_emplacement, id_bateau, electricite, essence, vidange) VALUES (291, '2018-12-04', '2018-12-08', 27, 2, 45, 1, 0, 0);
INSERT INTO public.reservation (id, datedebut, datefin, id_client, id_emplacement, id_bateau, electricite, essence, vidange) VALUES (292, '2018-12-02', '2018-12-05', 27, 1, 45, 0, 0, 1);
INSERT INTO public.reservation (id, datedebut, datefin, id_client, id_emplacement, id_bateau, electricite, essence, vidange) VALUES (293, '2018-12-01', '2018-12-09', 27, 10, 45, 0, 0, 0);
INSERT INTO public.reservation (id, datedebut, datefin, id_client, id_emplacement, id_bateau, electricite, essence, vidange) VALUES (294, '2018-12-01', '2018-12-09', 27, 5, 45, 1, 0, 0);
INSERT INTO public.reservation (id, datedebut, datefin, id_client, id_emplacement, id_bateau, electricite, essence, vidange) VALUES (295, '2018-12-01', '2018-12-04', 21, 2, 33, 0, 0, 1);
INSERT INTO public.reservation (id, datedebut, datefin, id_client, id_emplacement, id_bateau, electricite, essence, vidange) VALUES (296, '2018-12-02', '2018-12-05', 27, 11, 45, 0, 0, 0);
INSERT INTO public.reservation (id, datedebut, datefin, id_client, id_emplacement, id_bateau, electricite, essence, vidange) VALUES (297, '2018-12-04', '2018-12-07', 27, 12, 45, 1, 0, 0);
INSERT INTO public.reservation (id, datedebut, datefin, id_client, id_emplacement, id_bateau, electricite, essence, vidange) VALUES (298, '2018-12-02', '2018-12-04', 27, 12, 45, 1, 0, 0);
INSERT INTO public.reservation (id, datedebut, datefin, id_client, id_emplacement, id_bateau, electricite, essence, vidange) VALUES (299, '2018-12-02', '2018-12-05', 27, 13, 45, 1, 0, 0);
INSERT INTO public.reservation (id, datedebut, datefin, id_client, id_emplacement, id_bateau, electricite, essence, vidange) VALUES (300, '2018-12-02', '2018-12-07', 27, 14, 45, 0, 0, 0);
INSERT INTO public.reservation (id, datedebut, datefin, id_client, id_emplacement, id_bateau, electricite, essence, vidange) VALUES (301, '2018-12-01', '2018-12-09', 21, 17, 33, 0, 0, 1);
INSERT INTO public.reservation (id, datedebut, datefin, id_client, id_emplacement, id_bateau, electricite, essence, vidange) VALUES (302, '2018-12-05', '2018-12-07', 13, 1, 35, 0, 0, 0);
INSERT INTO public.reservation (id, datedebut, datefin, id_client, id_emplacement, id_bateau, electricite, essence, vidange) VALUES (303, '2018-12-03', '2018-12-06', 27, 18, 45, 0, 0, 0);
INSERT INTO public.reservation (id, datedebut, datefin, id_client, id_emplacement, id_bateau, electricite, essence, vidange) VALUES (304, '2018-12-01', '2018-12-04', 13, 21, 35, 0, 0, 0);
INSERT INTO public.reservation (id, datedebut, datefin, id_client, id_emplacement, id_bateau, electricite, essence, vidange) VALUES (305, '2018-12-03', '2018-12-06', 27, 22, 45, 0, 0, 0);
INSERT INTO public.reservation (id, datedebut, datefin, id_client, id_emplacement, id_bateau, electricite, essence, vidange) VALUES (306, '2018-12-01', '2018-12-05', 21, 19, 33, 0, 0, 0);
INSERT INTO public.reservation (id, datedebut, datefin, id_client, id_emplacement, id_bateau, electricite, essence, vidange) VALUES (307, '2018-12-01', '2018-12-03', 21, 18, 33, 0, 1, 0);
INSERT INTO public.reservation (id, datedebut, datefin, id_client, id_emplacement, id_bateau, electricite, essence, vidange) VALUES (308, '2018-12-05', '2018-12-07', 27, 11, 45, 0, 0, 0);
INSERT INTO public.reservation (id, datedebut, datefin, id_client, id_emplacement, id_bateau, electricite, essence, vidange) VALUES (309, '2018-12-01', '2018-12-03', 21, 22, 33, 0, 1, 0);
INSERT INTO public.reservation (id, datedebut, datefin, id_client, id_emplacement, id_bateau, electricite, essence, vidange) VALUES (310, '2018-12-05', '2018-12-07', 27, 13, 45, 1, 1, 1);
INSERT INTO public.reservation (id, datedebut, datefin, id_client, id_emplacement, id_bateau, electricite, essence, vidange) VALUES (311, '2018-12-06', '2018-12-08', 13, 18, 35, 0, 0, 0);
INSERT INTO public.reservation (id, datedebut, datefin, id_client, id_emplacement, id_bateau, electricite, essence, vidange) VALUES (312, '2018-12-06', '2018-12-08', 13, 21, 35, 0, 0, 0);
INSERT INTO public.reservation (id, datedebut, datefin, id_client, id_emplacement, id_bateau, electricite, essence, vidange) VALUES (313, '2018-12-10', '2018-12-14', 27, 2, 45, 1, 0, 1);
INSERT INTO public.reservation (id, datedebut, datefin, id_client, id_emplacement, id_bateau, electricite, essence, vidange) VALUES (314, '2018-12-06', '2018-12-08', 13, 22, 35, 0, 0, 0);
INSERT INTO public.reservation (id, datedebut, datefin, id_client, id_emplacement, id_bateau, electricite, essence, vidange) VALUES (315, '2018-12-07', '2018-12-09', 13, 1, 35, 0, 0, 0);
INSERT INTO public.reservation (id, datedebut, datefin, id_client, id_emplacement, id_bateau, electricite, essence, vidange) VALUES (316, '2018-12-07', '2018-12-09', 27, 11, 45, 0, 0, 1);
INSERT INTO public.reservation (id, datedebut, datefin, id_client, id_emplacement, id_bateau, electricite, essence, vidange) VALUES (317, '2018-12-01', '2018-12-03', 13, 24, 35, 0, 0, 0);
INSERT INTO public.reservation (id, datedebut, datefin, id_client, id_emplacement, id_bateau, electricite, essence, vidange) VALUES (318, '2018-12-02', '2018-12-04', 13, 25, 36, 0, 0, 0);
INSERT INTO public.reservation (id, datedebut, datefin, id_client, id_emplacement, id_bateau, electricite, essence, vidange) VALUES (319, '2018-12-08', '2018-12-11', 26, 12, 44, 1, 0, 0);
INSERT INTO public.reservation (id, datedebut, datefin, id_client, id_emplacement, id_bateau, electricite, essence, vidange) VALUES (320, '2018-12-11', '2018-12-20', 27, 1, 45, 0, 0, 0);
INSERT INTO public.reservation (id, datedebut, datefin, id_client, id_emplacement, id_bateau, electricite, essence, vidange) VALUES (321, '2018-12-08', '2018-12-11', 26, 13, 44, 1, 0, 0);


--
-- TOC entry 2965 (class 0 OID 0)
-- Dependencies: 196
-- Name: bateau_id_seq; Type: SEQUENCE SET; Schema: public; Owner: webmestre
--

SELECT pg_catalog.setval('public.bateau_id_seq', 46, true);


--
-- TOC entry 2966 (class 0 OID 0)
-- Dependencies: 198
-- Name: client_id_seq; Type: SEQUENCE SET; Schema: public; Owner: webmestre
--

SELECT pg_catalog.setval('public.client_id_seq', 27, true);


--
-- TOC entry 2967 (class 0 OID 0)
-- Dependencies: 200
-- Name: emplacement_id_seq; Type: SEQUENCE SET; Schema: public; Owner: webmestre
--

SELECT pg_catalog.setval('public.emplacement_id_seq', 25, true);


--
-- TOC entry 2968 (class 0 OID 0)
-- Dependencies: 204
-- Name: facture_id_seq; Type: SEQUENCE SET; Schema: public; Owner: webmestre
--

SELECT pg_catalog.setval('public.facture_id_seq', 67, true);


--
-- TOC entry 2969 (class 0 OID 0)
-- Dependencies: 202
-- Name: reservation_id_seq; Type: SEQUENCE SET; Schema: public; Owner: webmestre
--

SELECT pg_catalog.setval('public.reservation_id_seq', 321, true);


--
-- TOC entry 2796 (class 2606 OID 16503)
-- Name: bateau bateau_pkey; Type: CONSTRAINT; Schema: public; Owner: webmestre
--

ALTER TABLE ONLY public.bateau
    ADD CONSTRAINT bateau_pkey PRIMARY KEY (id);


--
-- TOC entry 2799 (class 2606 OID 16511)
-- Name: client client_pkey; Type: CONSTRAINT; Schema: public; Owner: webmestre
--

ALTER TABLE ONLY public.client
    ADD CONSTRAINT client_pkey PRIMARY KEY (id);


--
-- TOC entry 2801 (class 2606 OID 16535)
-- Name: emplacement emplacement_pkey; Type: CONSTRAINT; Schema: public; Owner: webmestre
--

ALTER TABLE ONLY public.emplacement
    ADD CONSTRAINT emplacement_pkey PRIMARY KEY (id);


--
-- TOC entry 2810 (class 2606 OID 16781)
-- Name: factureReservation factureReservation_pkey; Type: CONSTRAINT; Schema: public; Owner: webmestre
--

ALTER TABLE ONLY public."factureReservation"
    ADD CONSTRAINT "factureReservation_pkey" PRIMARY KEY ("idReservation", "idFacture");


--
-- TOC entry 2808 (class 2606 OID 16776)
-- Name: facture facture_pkey; Type: CONSTRAINT; Schema: public; Owner: webmestre
--

ALTER TABLE ONLY public.facture
    ADD CONSTRAINT facture_pkey PRIMARY KEY (id);


--
-- TOC entry 2806 (class 2606 OID 16543)
-- Name: reservation reservation_pkey; Type: CONSTRAINT; Schema: public; Owner: webmestre
--

ALTER TABLE ONLY public.reservation
    ADD CONSTRAINT reservation_pkey PRIMARY KEY (id);


--
-- TOC entry 2802 (class 1259 OID 16650)
-- Name: fki_fk_id_bateau; Type: INDEX; Schema: public; Owner: webmestre
--

CREATE INDEX fki_fk_id_bateau ON public.reservation USING btree (id_bateau);


--
-- TOC entry 2797 (class 1259 OID 16590)
-- Name: fki_fk_id_client; Type: INDEX; Schema: public; Owner: webmestre
--

CREATE INDEX fki_fk_id_client ON public.bateau USING btree (id_client);


--
-- TOC entry 2803 (class 1259 OID 16613)
-- Name: fki_fk_id_client_reservation; Type: INDEX; Schema: public; Owner: webmestre
--

CREATE INDEX fki_fk_id_client_reservation ON public.reservation USING btree (id_client);


--
-- TOC entry 2804 (class 1259 OID 16602)
-- Name: fki_fk_id_emplacement; Type: INDEX; Schema: public; Owner: webmestre
--

CREATE INDEX fki_fk_id_emplacement ON public.reservation USING btree (id_emplacement);


--
-- TOC entry 2818 (class 2620 OID 16819)
-- Name: reservation generation_facture; Type: TRIGGER; Schema: public; Owner: webmestre
--

CREATE TRIGGER generation_facture AFTER INSERT ON public.reservation FOR EACH ROW EXECUTE PROCEDURE public.generer_facture();


--
-- TOC entry 2817 (class 2606 OID 16787)
-- Name: factureReservation factureReservation_idFacture_fkey; Type: FK CONSTRAINT; Schema: public; Owner: webmestre
--

ALTER TABLE ONLY public."factureReservation"
    ADD CONSTRAINT "factureReservation_idFacture_fkey" FOREIGN KEY ("idFacture") REFERENCES public.facture(id);


--
-- TOC entry 2816 (class 2606 OID 16782)
-- Name: factureReservation factureReservation_idReservation_fkey; Type: FK CONSTRAINT; Schema: public; Owner: webmestre
--

ALTER TABLE ONLY public."factureReservation"
    ADD CONSTRAINT "factureReservation_idReservation_fkey" FOREIGN KEY ("idReservation") REFERENCES public.reservation(id);


--
-- TOC entry 2815 (class 2606 OID 16645)
-- Name: reservation fk_id_bateau; Type: FK CONSTRAINT; Schema: public; Owner: webmestre
--

ALTER TABLE ONLY public.reservation
    ADD CONSTRAINT fk_id_bateau FOREIGN KEY (id_bateau) REFERENCES public.bateau(id) ON DELETE CASCADE;


--
-- TOC entry 2813 (class 2606 OID 16603)
-- Name: reservation fk_id_client; Type: FK CONSTRAINT; Schema: public; Owner: webmestre
--

ALTER TABLE ONLY public.reservation
    ADD CONSTRAINT fk_id_client FOREIGN KEY (id_client) REFERENCES public.client(id);


--
-- TOC entry 2811 (class 2606 OID 16640)
-- Name: bateau fk_id_client_bateau; Type: FK CONSTRAINT; Schema: public; Owner: webmestre
--

ALTER TABLE ONLY public.bateau
    ADD CONSTRAINT fk_id_client_bateau FOREIGN KEY (id_client) REFERENCES public.client(id) ON DELETE CASCADE;


--
-- TOC entry 2814 (class 2606 OID 16608)
-- Name: reservation fk_id_client_reservation; Type: FK CONSTRAINT; Schema: public; Owner: webmestre
--

ALTER TABLE ONLY public.reservation
    ADD CONSTRAINT fk_id_client_reservation FOREIGN KEY (id_client) REFERENCES public.client(id);


--
-- TOC entry 2812 (class 2606 OID 16597)
-- Name: reservation fk_id_emplacement; Type: FK CONSTRAINT; Schema: public; Owner: webmestre
--

ALTER TABLE ONLY public.reservation
    ADD CONSTRAINT fk_id_emplacement FOREIGN KEY (id_emplacement) REFERENCES public.emplacement(id);


--
-- TOC entry 2959 (class 0 OID 0)
-- Dependencies: 207
-- Name: FUNCTION generer_facture(); Type: ACL; Schema: public; Owner: webmestre
--

REVOKE ALL ON FUNCTION public.generer_facture() FROM webmestre;
GRANT ALL ON FUNCTION public.generer_facture() TO webmestre WITH GRANT OPTION;


-- Completed on 2018-12-18 17:10:07

--
-- PostgreSQL database dump complete
--

